{
  "project_info": {
    "project_number": "1054723606363",
    "project_id": "black-jack-16bd4",
    "storage_bucket": "black-jack-16bd4.appspot.com"
  },
  "client": [
    {
      "client_info": {
        "mobilesdk_app_id": "1:1054723606363:android:843731150cdf2715a37c7e",
        "android_client_info": {
          "package_name": "com.example.ex_4"
        }
      },
      "oauth_client": [
        {
          "client_id": "1054723606363-3hlm75mqq1pdugg9eq15lkshmeqsefl8.apps.googleusercontent.com",
          "client_type": 3
        }
      ],
      "api_key": [
        {
          "current_key": "AIzaSyBzyP-eT0YyfxTdt6npV12n52lhVhdg5QI"
        }
      ],
      "services": {
        "appinvite_service": {
          "other_platform_oauth_client": [
            {
              "client_id": "1054723606363-3hlm75mqq1pdugg9eq15lkshmeqsefl8.apps.googleusercontent.com",
              "client_type": 3
            }
          ]
        }
      }
    }
  ],
  "configuration_version": "1"
}